filename,src_zip,duplicate_of
logo_48.png,Custom_Flags_For_Sale_Flag_Printing_for_Residential_&_Commercial_Use__archive.zip,logo_48.png
widgetUploadIcon.png,Custom_Flags_For_Sale_Flag_Printing_for_Residential_&_Commercial_Use__archive.zip,widgetUploadIcon.png
security-badges.jpg,Custom_Flags_For_Sale_Flag_Printing_for_Residential_&_Commercial_Use__archive.zip,security-badges.jpg
logo_48.png,Custom_LED_Signs_&_Letters_LED_Light_Signs_BannerBuzz__archive.zip,logo_48.png
widgetUploadIcon.png,Custom_LED_Signs_&_Letters_LED_Light_Signs_BannerBuzz__archive.zip,widgetUploadIcon.png
security-badges.jpg,Custom_LED_Signs_&_Letters_LED_Light_Signs_BannerBuzz__archive.zip,security-badges.jpg
Vinyl_Banner_Real-Estate_Signs_A.jpg,Custom_Signs_Banners_Decals_and_Signages_-_Free_Design_Services_Signs.com__archive.zip,Vinyl_Banner_Real-Estate_Signs_A.jpg
FeatherFlags-01-4473.png,Custom_Signs_Banners_Decals_and_Signages_-_Free_Design_Services_Signs.com__archive.zip,FeatherFlags-01-4473.png
FabricBanner-01-4471.png,Custom_Signs_Banners_Decals_and_Signages_-_Free_Design_Services_Signs.com__archive.zip,FabricBanner-01-4471.png
StandardAluminum-01-4498.png,Custom_Signs_Banners_Decals_and_Signages_-_Free_Design_Services_Signs.com__archive.zip,StandardAluminum-01-4498.png
YardSign-01-4526.png,Custom_Signs_Banners_Decals_and_Signages_-_Free_Design_Services_Signs.com__archive.zip,YardSign-01-4526.png
RigidPlastic-01-4497.png,Custom_Signs_Banners_Decals_and_Signages_-_Free_Design_Services_Signs.com__archive.zip,RigidPlastic-01-4497.png
CustomFlags-01-4470.png,Custom_Signs_Banners_Decals_and_Signages_-_Free_Design_Services_Signs.com__archive.zip,CustomFlags-01-4470.png
TeardropFlag-01-4503.png,Custom_Signs_Banners_Decals_and_Signages_-_Free_Design_Services_Signs.com__archive.zip,TeardropFlag-01-4503.png
Retractable-4496.png,Custom_Signs_Banners_Decals_and_Signages_-_Free_Design_Services_Signs.com__archive.zip,Retractable-4496.png
Step-N-Repeat-01-4499.png,Custom_Signs_Banners_Decals_and_Signages_-_Free_Design_Services_Signs.com__archive.zip,Step-N-Repeat-01-4499.png
Vinyl-Lettering-01-4514.png,Custom_Signs_Banners_Decals_and_Signages_-_Free_Design_Services_Signs.com__archive.zip,Vinyl-Lettering-01-4514.png
Respositionable-Decal-01-4493.png,Custom_Signs_Banners_Decals_and_Signages_-_Free_Design_Services_Signs.com__archive.zip,Respositionable-Decal-01-4493.png
WindowDecals-Perforated-4523.png,Custom_Signs_Banners_Decals_and_Signages_-_Free_Design_Services_Signs.com__archive.zip,WindowDecals-Perforated-4523.png
Vehicle-Magnets-01-4513.png,Custom_Signs_Banners_Decals_and_Signages_-_Free_Design_Services_Signs.com__archive.zip,Vehicle-Magnets-01-4513.png
Promotional-Magnets-Thumbnail-7223.png,Custom_Signs_Banners_Decals_and_Signages_-_Free_Design_Services_Signs.com__archive.zip,Promotional-Magnets-Thumbnail-7223.png
Table-Covers-AL-Hero-10927_Thumbnail2x.jpg,Custom_Signs_Banners_Decals_and_Signages_-_Free_Design_Services_Signs.com__archive.zip,Table-Covers-AL-Hero-10927_Thumbnail2x.jpg
widgetUploadIcon.png,Shop_Customizable_Signs_and_Decals_for_Your_Business_BannerBuzz__archive (1).zip,widgetUploadIcon.png
security-badges.jpg,Shop_Customizable_Signs_and_Decals_for_Your_Business_BannerBuzz__archive (1).zip,security-badges.jpg
logo_48.png,Shop_Customizable_Signs_and_Decals_for_Your_Business_BannerBuzz__archive (1).zip,logo_48.png
logo_48.png,Shop_Customizable_Signs_and_Decals_for_Your_Business_BannerBuzz__archive (2).zip,logo_48.png
widgetUploadIcon.png,Shop_Customizable_Signs_and_Decals_for_Your_Business_BannerBuzz__archive (2).zip,widgetUploadIcon.png
security-badges.jpg,Shop_Customizable_Signs_and_Decals_for_Your_Business_BannerBuzz__archive (2).zip,security-badges.jpg
250thIDayPrep_C1_B1_0106-1406_US_CB_1920x380_WindowDecale.jpg,Shop_Customizable_Signs_and_Decals_for_Your_Business_BannerBuzz__archive (2).zip,250thIDayPrep_C1_B1_0106-1406_US_CB_1920x380_WindowDecale.jpg
y101_bbyars01_1_us.jpg,Shop_Customizable_Signs_and_Decals_for_Your_Business_BannerBuzz__archive (2).zip,y101_bbyars01_1_us.jpg
rs101_bbpfbs01_1_us.jpg,Shop_Customizable_Signs_and_Decals_for_Your_Business_BannerBuzz__archive (2).zip,rs101_bbpfbs01_1_us.jpg
BB_CategoryBanners_SignsandDecals_20210201.jpg,Shop_Customizable_Signs_and_Decals_for_Your_Business_BannerBuzz__archive (2).zip,BB_CategoryBanners_SignsandDecals_20210201.jpg
vinyl-decals-lifestyle-image-bbpsvd01_1_us.jpg,Shop_Customizable_Signs_and_Decals_for_Your_Business_BannerBuzz__archive (2).zip,vinyl-decals-lifestyle-image-bbpsvd01_1_us.jpg
opaque-window-clings-lifestyle-bbwsso01_1_us_1.jpg,Shop_Customizable_Signs_and_Decals_for_Your_Business_BannerBuzz__archive (2).zip,opaque-window-clings-lifestyle-bbwsso01_1_us_1.jpg
perforated-window-signs-lifestyle-bbwsps01_1_us_1.jpg,Shop_Customizable_Signs_and_Decals_for_Your_Business_BannerBuzz__archive (2).zip,perforated-window-signs-lifestyle-bbwsps01_1_us_1.jpg
clear-window-clings-lifestyle-bbwssc01_1_us_2.jpg,Shop_Customizable_Signs_and_Decals_for_Your_Business_BannerBuzz__archive (2).zip,clear-window-clings-lifestyle-bbwssc01_1_us_2.jpg
window-decals-opaque-lifestyle-bbdldo01_1_us_1.jpg,Shop_Customizable_Signs_and_Decals_for_Your_Business_BannerBuzz__archive (2).zip,window-decals-opaque-lifestyle-bbdldo01_1_us_1.jpg
window-decal-clear-lifestyle-bbwsdc01_1_us_1.jpg,Shop_Customizable_Signs_and_Decals_for_Your_Business_BannerBuzz__archive (2).zip,window-decal-clear-lifestyle-bbwsdc01_1_us_1.jpg
vinyl-posters-lifestyle-image-bbvlps01_1_us.jpg,Shop_Customizable_Signs_and_Decals_for_Your_Business_BannerBuzz__archive (2).zip,vinyl-posters-lifestyle-image-bbvlps01_1_us.jpg
car-decals-stickers-opaque-flash-cut-0.jpg,Shop_Customizable_Signs_and_Decals_for_Your_Business_BannerBuzz__archive (2).zip,car-decals-stickers-opaque-flash-cut-0.jpg
die-cut-decals-lifestyle-image-bbdcd01_1_us.jpg,Shop_Customizable_Signs_and_Decals_for_Your_Business_BannerBuzz__archive (2).zip,die-cut-decals-lifestyle-image-bbdcd01_1_us.jpg
bbcdsc02_car-decals-stickers-clear_1.jpg,Shop_Customizable_Signs_and_Decals_for_Your_Business_BannerBuzz__archive (2).zip,bbcdsc02_car-decals-stickers-clear_1.jpg
rs101_bbbhco01_1_us.jpg,Shop_Customizable_Signs_and_Decals_for_Your_Business_BannerBuzz__archive (2).zip,rs101_bbbhco01_1_us.jpg
bubble-free-vinyl-decals-lifestyle-image-bbgpsvd01_1_us.jpg,Shop_Customizable_Signs_and_Decals_for_Your_Business_BannerBuzz__archive (2).zip,bubble-free-vinyl-decals-lifestyle-image-bbgpsvd01_1_us.jpg
rs101_bbcals01_1_us.jpg,Shop_Customizable_Signs_and_Decals_for_Your_Business_BannerBuzz__archive (2).zip,rs101_bbcals01_1_us.jpg
a101_esmefr01_1_us.jpg,Shop_Customizable_Signs_and_Decals_for_Your_Business_BannerBuzz__archive (2).zip,a101_esmefr01_1_us.jpg
die-cut-window-decals-opaque-lifestyle-bbdldodc01_1_us_1.jpg,Shop_Customizable_Signs_and_Decals_for_Your_Business_BannerBuzz__archive (2).zip,die-cut-window-decals-opaque-lifestyle-bbdldodc01_1_us_1.jpg
bbcdscdc02_die-cut-car-decals--stickers-_clear_-r.jpg,Shop_Customizable_Signs_and_Decals_for_Your_Business_BannerBuzz__archive (2).zip,bbcdscdc02_die-cut-car-decals--stickers-_clear_-r.jpg
die-cut-opaque-window-clings-lifestyle-bbodsc01_1_us_1.jpg,Shop_Customizable_Signs_and_Decals_for_Your_Business_BannerBuzz__archive (2).zip,die-cut-opaque-window-clings-lifestyle-bbodsc01_1_us_1.jpg
die-cut-clear-window-clings-lifestyle-bbcdsc01_1_us_1.jpg,Shop_Customizable_Signs_and_Decals_for_Your_Business_BannerBuzz__archive (2).zip,die-cut-clear-window-clings-lifestyle-bbcdsc01_1_us_1.jpg
bubble-free-car-decal-die-cut-1.jpg,Shop_Customizable_Signs_and_Decals_for_Your_Business_BannerBuzz__archive (2).zip,bubble-free-car-decal-die-cut-1.jpg
a101_bbprpp01_1_us.jpg,Shop_Customizable_Signs_and_Decals_for_Your_Business_BannerBuzz__archive (2).zip,a101_bbprpp01_1_us.jpg
die-cut-clear-window-decals-lifestyle-bbwsdc02_1_us_1.jpg,Shop_Customizable_Signs_and_Decals_for_Your_Business_BannerBuzz__archive (2).zip,die-cut-clear-window-decals-lifestyle-bbwsdc02_1_us_1.jpg
a101_bbwd01_1_us.jpg,Shop_Customizable_Signs_and_Decals_for_Your_Business_BannerBuzz__archive (2).zip,a101_bbwd01_1_us.jpg
car-decals-stickers-opaque-0.jpg,Shop_Customizable_Signs_and_Decals_for_Your_Business_BannerBuzz__archive (2).zip,car-decals-stickers-opaque-0.jpg
custom-license-plates-new.jpg,Shop_Customizable_Signs_and_Decals_for_Your_Business_BannerBuzz__archive (2).zip,custom-license-plates-new.jpg
rectangle-shape-yard-sign.jpg,Shop_Customizable_Signs_and_Decals_for_Your_Business_BannerBuzz__archive (2).zip,rectangle-shape-yard-sign.jpg
a101_bbcdcd01_1_us.jpg,Shop_Customizable_Signs_and_Decals_for_Your_Business_BannerBuzz__archive (2).zip,a101_bbcdcd01_1_us.jpg
a101_bbfdsc01_1_us.jpg,Shop_Customizable_Signs_and_Decals_for_Your_Business_BannerBuzz__archive (2).zip,a101_bbfdsc01_1_us.jpg
a101_bbfdsc02_1_us.jpg,Shop_Customizable_Signs_and_Decals_for_Your_Business_BannerBuzz__archive (2).zip,a101_bbfdsc02_1_us.jpg
a101_bbcusf01_1_us.jpg,Shop_Customizable_Signs_and_Decals_for_Your_Business_BannerBuzz__archive (2).zip,a101_bbcusf01_1_us.jpg
truck_decals-5.jpg,Shop_Customizable_Signs_and_Decals_for_Your_Business_BannerBuzz__archive (2).zip,truck_decals-5.jpg
y101_bbdcysg01_1_us.jpg,Shop_Customizable_Signs_and_Decals_for_Your_Business_BannerBuzz__archive (2).zip,y101_bbdcysg01_1_us.jpg
bubble-free-car-decal-bb-09.jpg,Shop_Customizable_Signs_and_Decals_for_Your_Business_BannerBuzz__archive (2).zip,bubble-free-car-decal-bb-09.jpg
a101_bbwinl01_2_us.jpg,Shop_Customizable_Signs_and_Decals_for_Your_Business_BannerBuzz__archive (2).zip,a101_bbwinl01_2_us.jpg
a101_bbpsvl01_2_us.jpg,Shop_Customizable_Signs_and_Decals_for_Your_Business_BannerBuzz__archive (2).zip,a101_bbpsvl01_2_us.jpg
y101_bbbuys01_1_us.jpg,Shop_Customizable_Signs_and_Decals_for_Your_Business_BannerBuzz__archive (2).zip,y101_bbbuys01_1_us.jpg
a101_bbvehl01_2_us.jpg,Shop_Customizable_Signs_and_Decals_for_Your_Business_BannerBuzz__archive (2).zip,a101_bbvehl01_2_us.jpg
mag101_bbmsvm01_1_us.jpg,Shop_Customizable_Signs_and_Decals_for_Your_Business_BannerBuzz__archive (2).zip,mag101_bbmsvm01_1_us.jpg
mag101_bbmssg01_1_us.jpg,Shop_Customizable_Signs_and_Decals_for_Your_Business_BannerBuzz__archive (2).zip,mag101_bbmssg01_1_us.jpg
bbbct01_1.jpg,Shop_Customizable_Signs_and_Decals_for_Your_Business_BannerBuzz__archive (2).zip,bbbct01_1.jpg
rs101_gmsibo01_1_us.jpg,Shop_Customizable_Signs_and_Decals_for_Your_Business_BannerBuzz__archive (2).zip,rs101_gmsibo01_1_us.jpg
acrylic-letters-and-numbers-lifestyle-image-bbrdal01_1_us.jpg,Shop_Customizable_Signs_and_Decals_for_Your_Business_BannerBuzz__archive (2).zip,acrylic-letters-and-numbers-lifestyle-image-bbrdal01_1_us.jpg
bumper-stickers4.jpg,Shop_Customizable_Signs_and_Decals_for_Your_Business_BannerBuzz__archive (2).zip,bumper-stickers4.jpg
y101_bbpls10_1_us.jpg,Shop_Customizable_Signs_and_Decals_for_Your_Business_BannerBuzz__archive (2).zip,y101_bbpls10_1_us.jpg
bubble-free-window-decals-lifestyle-bbgdldo01_1_us_1.jpg,Shop_Customizable_Signs_and_Decals_for_Your_Business_BannerBuzz__archive (2).zip,bubble-free-window-decals-lifestyle-bbgdldo01_1_us_1.jpg
a101_bbpsvd02_1_us.jpg,Shop_Customizable_Signs_and_Decals_for_Your_Business_BannerBuzz__archive (2).zip,a101_bbpsvd02_1_us.jpg
a101_essdwh01_1_us.jpg,Shop_Customizable_Signs_and_Decals_for_Your_Business_BannerBuzz__archive (2).zip,a101_essdwh01_1_us.jpg
mag101_bbcms01_1_us.jpg,Shop_Customizable_Signs_and_Decals_for_Your_Business_BannerBuzz__archive (2).zip,mag101_bbcms01_1_us.jpg
a101_essdbl01_1_us.jpg,Shop_Customizable_Signs_and_Decals_for_Your_Business_BannerBuzz__archive (2).zip,a101_essdbl01_1_us.jpg
logo_48.png,Shop_Customizable_Signs_and_Decals_for_Your_Business_BannerBuzz__archive.zip,logo_48.png
widgetUploadIcon.png,Shop_Customizable_Signs_and_Decals_for_Your_Business_BannerBuzz__archive.zip,widgetUploadIcon.png
vinyl-decals-lifestyle-image-bbpsvd01_1_us.jpg,Shop_Customizable_Signs_and_Decals_for_Your_Business_BannerBuzz__archive.zip,vinyl-decals-lifestyle-image-bbpsvd01_1_us.jpg
y101_bbyars01_1_us.jpg,Shop_Customizable_Signs_and_Decals_for_Your_Business_BannerBuzz__archive.zip,y101_bbyars01_1_us.jpg
security-badges.jpg,Shop_Customizable_Signs_and_Decals_for_Your_Business_BannerBuzz__archive.zip,security-badges.jpg
a101_esmefr01_1_us.jpg,Shop_Customizable_Signs_and_Decals_for_Your_Business_BannerBuzz__archive.zip,a101_esmefr01_1_us.jpg
window-decal-clear-lifestyle-bbwsdc01_1_us_1.jpg,Shop_Customizable_Signs_and_Decals_for_Your_Business_BannerBuzz__archive.zip,window-decal-clear-lifestyle-bbwsdc01_1_us_1.jpg
review-bg.png,Shop_Customizable_Signs_and_Decals_for_Your_Business_BannerBuzz__archive.zip,review-bg.png
opaque-window-clings-lifestyle-bbwsso01_1_us_1.jpg,Shop_Customizable_Signs_and_Decals_for_Your_Business_BannerBuzz__archive.zip,opaque-window-clings-lifestyle-bbwsso01_1_us_1.jpg
rs101_bbcals01_1_us.jpg,Shop_Customizable_Signs_and_Decals_for_Your_Business_BannerBuzz__archive.zip,rs101_bbcals01_1_us.jpg
shop-confidence-new.png,Shop_Customizable_Signs_and_Decals_for_Your_Business_BannerBuzz__archive.zip,shop-confidence-new.png
die-cut-decals-lifestyle-image-bbdcd01_1_us.jpg,Shop_Customizable_Signs_and_Decals_for_Your_Business_BannerBuzz__archive.zip,die-cut-decals-lifestyle-image-bbdcd01_1_us.jpg
bbcdsc02_car-decals-stickers-clear_1.jpg,Shop_Customizable_Signs_and_Decals_for_Your_Business_BannerBuzz__archive.zip,bbcdsc02_car-decals-stickers-clear_1.jpg
rs101_bbpfbs01_1_us.jpg,Shop_Customizable_Signs_and_Decals_for_Your_Business_BannerBuzz__archive.zip,rs101_bbpfbs01_1_us.jpg
window-decals-opaque-lifestyle-bbdldo01_1_us_1.jpg,Shop_Customizable_Signs_and_Decals_for_Your_Business_BannerBuzz__archive.zip,window-decals-opaque-lifestyle-bbdldo01_1_us_1.jpg
rs101_bbbhco01_1_us.jpg,Shop_Customizable_Signs_and_Decals_for_Your_Business_BannerBuzz__archive.zip,rs101_bbbhco01_1_us.jpg
a101_bbcdcd01_1_us.jpg,Shop_Customizable_Signs_and_Decals_for_Your_Business_BannerBuzz__archive.zip,a101_bbcdcd01_1_us.jpg
bbcdscdc02_die-cut-car-decals--stickers-_clear_-r.jpg,Shop_Customizable_Signs_and_Decals_for_Your_Business_BannerBuzz__archive.zip,bbcdscdc02_die-cut-car-decals--stickers-_clear_-r.jpg
bubble-free-car-decal-die-cut-1.jpg,Shop_Customizable_Signs_and_Decals_for_Your_Business_BannerBuzz__archive.zip,bubble-free-car-decal-die-cut-1.jpg
car-decals-stickers-opaque-flash-cut-0.jpg,Shop_Customizable_Signs_and_Decals_for_Your_Business_BannerBuzz__archive.zip,car-decals-stickers-opaque-flash-cut-0.jpg
perforated-window-signs-lifestyle-bbwsps01_1_us_1.jpg,Shop_Customizable_Signs_and_Decals_for_Your_Business_BannerBuzz__archive.zip,perforated-window-signs-lifestyle-bbwsps01_1_us_1.jpg
clear-window-clings-lifestyle-bbwssc01_1_us_2.jpg,Shop_Customizable_Signs_and_Decals_for_Your_Business_BannerBuzz__archive.zip,clear-window-clings-lifestyle-bbwssc01_1_us_2.jpg
250thIDayPrep_C1_B1_0106-1406_US_CB_1920x380_WindowDecale.jpg,Shop_Customizable_Signs_and_Decals_for_Your_Business_BannerBuzz__archive.zip,250thIDayPrep_C1_B1_0106-1406_US_CB_1920x380_WindowDecale.jpg
vinyl-posters-lifestyle-image-bbvlps01_1_us.jpg,Shop_Customizable_Signs_and_Decals_for_Your_Business_BannerBuzz__archive.zip,vinyl-posters-lifestyle-image-bbvlps01_1_us.jpg
die-cut-window-decals-opaque-lifestyle-bbdldodc01_1_us_1.jpg,Shop_Customizable_Signs_and_Decals_for_Your_Business_BannerBuzz__archive.zip,die-cut-window-decals-opaque-lifestyle-bbdldodc01_1_us_1.jpg
die-cut-opaque-window-clings-lifestyle-bbodsc01_1_us_1.jpg,Shop_Customizable_Signs_and_Decals_for_Your_Business_BannerBuzz__archive.zip,die-cut-opaque-window-clings-lifestyle-bbodsc01_1_us_1.jpg
BB_CategoryBanners_SignsandDecals_20210201.jpg,Shop_Customizable_Signs_and_Decals_for_Your_Business_BannerBuzz__archive.zip,BB_CategoryBanners_SignsandDecals_20210201.jpg
bubble-free-vinyl-decals-lifestyle-image-bbgpsvd01_1_us.jpg,Shop_Customizable_Signs_and_Decals_for_Your_Business_BannerBuzz__archive.zip,bubble-free-vinyl-decals-lifestyle-image-bbgpsvd01_1_us.jpg
die-cut-clear-window-clings-lifestyle-bbcdsc01_1_us_1.jpg,Shop_Customizable_Signs_and_Decals_for_Your_Business_BannerBuzz__archive.zip,die-cut-clear-window-clings-lifestyle-bbcdsc01_1_us_1.jpg
car-decals-stickers-opaque-0.jpg,Shop_Customizable_Signs_and_Decals_for_Your_Business_BannerBuzz__archive.zip,car-decals-stickers-opaque-0.jpg
a101_bbprpp01_1_us.jpg,Shop_Customizable_Signs_and_Decals_for_Your_Business_BannerBuzz__archive.zip,a101_bbprpp01_1_us.jpg
die-cut-clear-window-decals-lifestyle-bbwsdc02_1_us_1.jpg,Shop_Customizable_Signs_and_Decals_for_Your_Business_BannerBuzz__archive.zip,die-cut-clear-window-decals-lifestyle-bbwsdc02_1_us_1.jpg
custom-license-plates-new.jpg,Shop_Customizable_Signs_and_Decals_for_Your_Business_BannerBuzz__archive.zip,custom-license-plates-new.jpg
rectangle-shape-yard-sign.jpg,Shop_Customizable_Signs_and_Decals_for_Your_Business_BannerBuzz__archive.zip,rectangle-shape-yard-sign.jpg
a101_bbwd01_1_us.jpg,Shop_Customizable_Signs_and_Decals_for_Your_Business_BannerBuzz__archive.zip,a101_bbwd01_1_us.jpg
a101_bbfdsc01_1_us.jpg,Shop_Customizable_Signs_and_Decals_for_Your_Business_BannerBuzz__archive.zip,a101_bbfdsc01_1_us.jpg
a101_bbfdsc02_1_us.jpg,Shop_Customizable_Signs_and_Decals_for_Your_Business_BannerBuzz__archive.zip,a101_bbfdsc02_1_us.jpg
a101_bbcusf01_1_us.jpg,Shop_Customizable_Signs_and_Decals_for_Your_Business_BannerBuzz__archive.zip,a101_bbcusf01_1_us.jpg
truck_decals-5.jpg,Shop_Customizable_Signs_and_Decals_for_Your_Business_BannerBuzz__archive.zip,truck_decals-5.jpg
y101_bbdcysg01_1_us.jpg,Shop_Customizable_Signs_and_Decals_for_Your_Business_BannerBuzz__archive.zip,y101_bbdcysg01_1_us.jpg
a101_bbwinl01_2_us.jpg,Shop_Customizable_Signs_and_Decals_for_Your_Business_BannerBuzz__archive.zip,a101_bbwinl01_2_us.jpg
a101_bbpsvl01_2_us.jpg,Shop_Customizable_Signs_and_Decals_for_Your_Business_BannerBuzz__archive.zip,a101_bbpsvl01_2_us.jpg
y101_bbbuys01_1_us.jpg,Shop_Customizable_Signs_and_Decals_for_Your_Business_BannerBuzz__archive.zip,y101_bbbuys01_1_us.jpg
bubble-free-car-decal-bb-09.jpg,Shop_Customizable_Signs_and_Decals_for_Your_Business_BannerBuzz__archive.zip,bubble-free-car-decal-bb-09.jpg
a101_bbvehl01_2_us.jpg,Shop_Customizable_Signs_and_Decals_for_Your_Business_BannerBuzz__archive.zip,a101_bbvehl01_2_us.jpg
mag101_bbmssg01_1_us.jpg,Shop_Customizable_Signs_and_Decals_for_Your_Business_BannerBuzz__archive.zip,mag101_bbmssg01_1_us.jpg
bbbct01_1.jpg,Shop_Customizable_Signs_and_Decals_for_Your_Business_BannerBuzz__archive.zip,bbbct01_1.jpg
rs101_gmsibo01_1_us.jpg,Shop_Customizable_Signs_and_Decals_for_Your_Business_BannerBuzz__archive.zip,rs101_gmsibo01_1_us.jpg
mag101_bbmsvm01_1_us.jpg,Shop_Customizable_Signs_and_Decals_for_Your_Business_BannerBuzz__archive.zip,mag101_bbmsvm01_1_us.jpg
acrylic-letters-and-numbers-lifestyle-image-bbrdal01_1_us.jpg,Shop_Customizable_Signs_and_Decals_for_Your_Business_BannerBuzz__archive.zip,acrylic-letters-and-numbers-lifestyle-image-bbrdal01_1_us.jpg
bumper-stickers4.jpg,Shop_Customizable_Signs_and_Decals_for_Your_Business_BannerBuzz__archive.zip,bumper-stickers4.jpg
y101_bbpls10_1_us.jpg,Shop_Customizable_Signs_and_Decals_for_Your_Business_BannerBuzz__archive.zip,y101_bbpls10_1_us.jpg
bubble-free-window-decals-lifestyle-bbgdldo01_1_us_1.jpg,Shop_Customizable_Signs_and_Decals_for_Your_Business_BannerBuzz__archive.zip,bubble-free-window-decals-lifestyle-bbgdldo01_1_us_1.jpg
a101_bbpsvd02_1_us.jpg,Shop_Customizable_Signs_and_Decals_for_Your_Business_BannerBuzz__archive.zip,a101_bbpsvd02_1_us.jpg
a101_essdwh01_1_us.jpg,Shop_Customizable_Signs_and_Decals_for_Your_Business_BannerBuzz__archive.zip,a101_essdwh01_1_us.jpg
mag101_bbcms01_1_us.jpg,Shop_Customizable_Signs_and_Decals_for_Your_Business_BannerBuzz__archive.zip,mag101_bbcms01_1_us.jpg
a101_essdbl01_1_us.jpg,Shop_Customizable_Signs_and_Decals_for_Your_Business_BannerBuzz__archive.zip,a101_essdbl01_1_us.jpg
logo_48.png,Shop_for_Custom_Banners_at_Best_Price_BannerBuzz__archive.zip,logo_48.png
widgetUploadIcon.png,Shop_for_Custom_Banners_at_Best_Price_BannerBuzz__archive.zip,widgetUploadIcon.png
security-badges.jpg,Shop_for_Custom_Banners_at_Best_Price_BannerBuzz__archive.zip,security-badges.jpg
widgetUploadIcon.png,Shop_for_Custom_Table_Covers_at_Best_Price_BannerBuzz__archive (1).zip,widgetUploadIcon.png
security-badges.jpg,Shop_for_Custom_Table_Covers_at_Best_Price_BannerBuzz__archive (1).zip,security-badges.jpg
logo_48.png,Shop_for_Custom_Table_Covers_at_Best_Price_BannerBuzz__archive (1).zip,logo_48.png
logo_48.png,Shop_for_Custom_Table_Covers_at_Best_Price_BannerBuzz__archive.zip,logo_48.png
widgetUploadIcon.png,Shop_for_Custom_Table_Covers_at_Best_Price_BannerBuzz__archive.zip,widgetUploadIcon.png
security-badges.jpg,Shop_for_Custom_Table_Covers_at_Best_Price_BannerBuzz__archive.zip,security-badges.jpg
505_table-runners-lifestyle-image-bbcstr01_1_us.jpg,Shop_for_Custom_Table_Covers_at_Best_Price_BannerBuzz__archive.zip,505_table-runners-lifestyle-image-bbcstr01_1_us.jpg
505_premium-full-color-table-covers-throws-lifestyle-image-bbctct01_1_us.jpg,Shop_for_Custom_Table_Covers_at_Best_Price_BannerBuzz__archive.zip,505_premium-full-color-table-covers-throws-lifestyle-image-bbctct01_1_us.jpg
505_round-stretch-table-covers-lifestyle-image-cfmrst01_1_us.jpg,Shop_for_Custom_Table_Covers_at_Best_Price_BannerBuzz__archive.zip,505_round-stretch-table-covers-lifestyle-image-cfmrst01_1_us.jpg
cfmttb01_1_us.jpg,Shop_for_Custom_Table_Covers_at_Best_Price_BannerBuzz__archive.zip,cfmttb01_1_us.jpg
rt201_wsdrst24_1_us.jpg,Shop_for_Custom_Table_Covers_at_Best_Price_BannerBuzz__archive.zip,rt201_wsdrst24_1_us.jpg
rt201_bbmxtt01_1_us.jpg,Shop_for_Custom_Table_Covers_at_Best_Price_BannerBuzz__archive.zip,rt201_bbmxtt01_1_us.jpg
cfmttb03_1_us.jpg,Shop_for_Custom_Table_Covers_at_Best_Price_BannerBuzz__archive.zip,cfmttb03_1_us.jpg
rt201_wsdrst60_1_us.jpg,Shop_for_Custom_Table_Covers_at_Best_Price_BannerBuzz__archive.zip,rt201_wsdrst60_1_us.jpg
cfmttb02_1_us_1.jpg,Shop_for_Custom_Table_Covers_at_Best_Price_BannerBuzz__archive.zip,cfmttb02_1_us_1.jpg
rt201_wsdrst36_1_us.jpg,Shop_for_Custom_Table_Covers_at_Best_Price_BannerBuzz__archive.zip,rt201_wsdrst36_1_us.jpg
250thIDayPrep_C1_B1_0106-1406_US_CB_1920x380_Table_covers___Displays.jpg,Shop_for_Custom_Table_Covers_at_Best_Price_BannerBuzz__archive.zip,250thIDayPrep_C1_B1_0106-1406_US_CB_1920x380_Table_covers___Displays.jpg
505_stretch-table-covers-lifestyle-image-cfmstc01_1_us.jpg,Shop_for_Custom_Table_Covers_at_Best_Price_BannerBuzz__archive.zip,505_stretch-table-covers-lifestyle-image-cfmstc01_1_us.jpg
505_fitted-table-covers-lifestyle-image-cfmftc01_1_us.jpg,Shop_for_Custom_Table_Covers_at_Best_Price_BannerBuzz__archive.zip,505_fitted-table-covers-lifestyle-image-cfmftc01_1_us.jpg
505_open-corner-table-covers-lifestyle-image-bboctc01_1_us.jpg,Shop_for_Custom_Table_Covers_at_Best_Price_BannerBuzz__archive.zip,505_open-corner-table-covers-lifestyle-image-bboctc01_1_us.jpg
505_convertible-adjustable-table-covers-lifestyle-image-cfmcat01_1_us.jpg,Shop_for_Custom_Table_Covers_at_Best_Price_BannerBuzz__archive.zip,505_convertible-adjustable-table-covers-lifestyle-image-cfmcat01_1_us.jpg
505_rectangle-table-toppers-lifestyle-image-cfmtat01_1_us.jpg,Shop_for_Custom_Table_Covers_at_Best_Price_BannerBuzz__archive.zip,505_rectangle-table-toppers-lifestyle-image-cfmtat01_1_us.jpg
505_round-table-throws-lifestyle-image-bbrtt01_1_us.jpg,Shop_for_Custom_Table_Covers_at_Best_Price_BannerBuzz__archive.zip,505_round-table-throws-lifestyle-image-bbrtt01_1_us.jpg
Table_Covers_Displays_1920x380px_1.png,Shop_for_Custom_Table_Covers_at_Best_Price_BannerBuzz__archive.zip,Table_Covers_Displays_1920x380px_1.png
505_round-fitted-table-covers-lifestyle-image-cfmrft01_1_us.jpg,Shop_for_Custom_Table_Covers_at_Best_Price_BannerBuzz__archive.zip,505_round-fitted-table-covers-lifestyle-image-cfmrft01_1_us.jpg
505_stretched-banquet-chair-covers-lifestyle-image-bbsbcc01_1_us.jpg,Shop_for_Custom_Table_Covers_at_Best_Price_BannerBuzz__archive.zip,505_stretched-banquet-chair-covers-lifestyle-image-bbsbcc01_1_us.jpg
rt201_wsdrst48_1_us.jpg,Shop_for_Custom_Table_Covers_at_Best_Price_BannerBuzz__archive.zip,rt201_wsdrst48_1_us.jpg
rt201_bbcfmxpt1_1_us.jpg,Shop_for_Custom_Table_Covers_at_Best_Price_BannerBuzz__archive.zip,rt201_bbcfmxpt1_1_us.jpg
505_cross-over-table-covers-lifestyle-image-cfmcot01_1_us.jpg,Shop_for_Custom_Table_Covers_at_Best_Price_BannerBuzz__archive.zip,505_cross-over-table-covers-lifestyle-image-cfmcot01_1_us.jpg
rt201_bbcfmxpt4_1_us.jpg,Shop_for_Custom_Table_Covers_at_Best_Price_BannerBuzz__archive.zip,rt201_bbcfmxpt4_1_us.jpg
505_pleated-table-covers-lifestyle-image-cfmptc01_1_us.jpg,Shop_for_Custom_Table_Covers_at_Best_Price_BannerBuzz__archive.zip,505_pleated-table-covers-lifestyle-image-cfmptc01_1_us.jpg
505_round-table-toppers-lifestyle-image-cfmrsc01_1_us.jpg,Shop_for_Custom_Table_Covers_at_Best_Price_BannerBuzz__archive.zip,505_round-table-toppers-lifestyle-image-cfmrsc01_1_us.jpg
rt201_bbcfmxpt2_1_us.jpg,Shop_for_Custom_Table_Covers_at_Best_Price_BannerBuzz__archive.zip,rt201_bbcfmxpt2_1_us.jpg
505_pleated-banquet-chair-covers-lifestyle-image-bbpbcc01_1_us.jpg,Shop_for_Custom_Table_Covers_at_Best_Price_BannerBuzz__archive.zip,505_pleated-banquet-chair-covers-lifestyle-image-bbpbcc01_1_us.jpg
rt201_bbcfmxpt9_1_us.jpg,Shop_for_Custom_Table_Covers_at_Best_Price_BannerBuzz__archive.zip,rt201_bbcfmxpt9_1_us.jpg
rt201_bbcfmxpt7_1_us.jpg,Shop_for_Custom_Table_Covers_at_Best_Price_BannerBuzz__archive.zip,rt201_bbcfmxpt7_1_us.jpg
rt201_bbcfmxpt8_1_us.jpg,Shop_for_Custom_Table_Covers_at_Best_Price_BannerBuzz__archive.zip,rt201_bbcfmxpt8_1_us.jpg
rt201_bbcfmxpt5_1_us.jpg,Shop_for_Custom_Table_Covers_at_Best_Price_BannerBuzz__archive.zip,rt201_bbcfmxpt5_1_us.jpg
rt201_bbcfmxpt3_1_us.jpg,Shop_for_Custom_Table_Covers_at_Best_Price_BannerBuzz__archive.zip,rt201_bbcfmxpt3_1_us.jpg
rt201_bbcfmxpt6_1_us.jpg,Shop_for_Custom_Table_Covers_at_Best_Price_BannerBuzz__archive.zip,rt201_bbcfmxpt6_1_us.jpg
pocket-chair-cover-21th-july.jpg,Shop_for_Custom_Table_Covers_at_Best_Price_BannerBuzz__archive.zip,pocket-chair-cover-21th-july.jpg
custom-table-skirt-lifestyle-image-bbcskirt01_1_us_v1.jpg,Shop_for_Custom_Table_Covers_at_Best_Price_BannerBuzz__archive.zip,custom-table-skirt-lifestyle-image-bbcskirt01_1_us_v1.jpg
logo_48.png,Shop_for_High-quality_Banner_Accessories_at_Best_Prices_BannerBuzz__archive.zip,logo_48.png
logo_48.png,Trade_Show_Booths_&_Displays_BannerBuzz__archive (1).zip,logo_48.png
widgetUploadIcon.png,Trade_Show_Booths_&_Displays_BannerBuzz__archive (1).zip,widgetUploadIcon.png
security-badges.jpg,Trade_Show_Booths_&_Displays_BannerBuzz__archive (1).zip,security-badges.jpg
review-bg.png,Trade_Show_Booths_&_Displays_BannerBuzz__archive (1).zip,review-bg.png
shop-confidence-new.png,Trade_Show_Booths_&_Displays_BannerBuzz__archive (1).zip,shop-confidence-new.png
logo_48.png,Trade_Show_Booths_&_Displays_BannerBuzz__archive.zip,logo_48.png
widgetUploadIcon.png,Trade_Show_Booths_&_Displays_BannerBuzz__archive.zip,widgetUploadIcon.png
security-badges.jpg,Trade_Show_Booths_&_Displays_BannerBuzz__archive.zip,security-badges.jpg
trade-show-canopy-kit-front-view-bbtsp01_1_us.jpg,Trade_Show_Booths_&_Displays_BannerBuzz__archive.zip,trade-show-canopy-kit-front-view-bbtsp01_1_us.jpg
10-ft-trade-show-booth-design-7-45-degree-bbexbboo110_1_us.jpg,Trade_Show_Booths_&_Displays_BannerBuzz__archive.zip,10-ft-trade-show-booth-design-7-45-degree-bbexbboo110_1_us.jpg
10-ft-trade-show-booth-design-8-45-degree-bbexbboo115_1_us.jpg,Trade_Show_Booths_&_Displays_BannerBuzz__archive.zip,10-ft-trade-show-booth-design-8-45-degree-bbexbboo115_1_us.jpg
rectangular-blimp-tower-lifestyle-image-bbexporecto03_1_us.jpg,Trade_Show_Booths_&_Displays_BannerBuzz__archive.zip,rectangular-blimp-tower-lifestyle-image-bbexporecto03_1_us.jpg
20-ft-backlit-trade-show-display-design-3-product-image-bblntboo203_1_us.jpg,Trade_Show_Booths_&_Displays_BannerBuzz__archive.zip,20-ft-backlit-trade-show-display-design-3-product-image-bblntboo203_1_us.jpg
10-ft-trade-show-booth-design-9-45-degree-bbexbboo116_1_us.jpg,Trade_Show_Booths_&_Displays_BannerBuzz__archive.zip,10-ft-trade-show-booth-design-9-45-degree-bbexbboo116_1_us.jpg
20-ft-trade-show-booth-design-2-45-degree-bbexbboo203_1_us.jpg,Trade_Show_Booths_&_Displays_BannerBuzz__archive.zip,20-ft-trade-show-booth-design-2-45-degree-bbexbboo203_1_us.jpg
20-ft-backlit-trade-show-display-design-8-product-image-bblntboo208_1_us.jpg,Trade_Show_Booths_&_Displays_BannerBuzz__archive.zip,20-ft-backlit-trade-show-display-design-8-product-image-bblntboo208_1_us.jpg
20-ft-trade-show-booth-design-5-45-degree-bbexbboo206_1_us.jpg,Trade_Show_Booths_&_Displays_BannerBuzz__archive.zip,20-ft-trade-show-booth-design-5-45-degree-bbexbboo206_1_us.jpg
bbexbood221-1.jpg,Trade_Show_Booths_&_Displays_BannerBuzz__archive.zip,bbexbood221-1.jpg
20-ft-trade-show-booth-design-10-45-degree-bbexbboo223_1_us.jpg,Trade_Show_Booths_&_Displays_BannerBuzz__archive.zip,20-ft-trade-show-booth-design-10-45-degree-bbexbboo223_1_us.jpg
10-ft-backlit-trade-show-display-design-2-product-image-bblntboo102_1_us.jpg,Trade_Show_Booths_&_Displays_BannerBuzz__archive.zip,10-ft-backlit-trade-show-display-design-2-product-image-bblntboo102_1_us.jpg
20-ft-trade-show-booth-design-6-45-degree-bbexbboo210_1_us.jpg,Trade_Show_Booths_&_Displays_BannerBuzz__archive.zip,20-ft-trade-show-booth-design-6-45-degree-bbexbboo210_1_us.jpg
bbexbood311-1.jpg,Trade_Show_Booths_&_Displays_BannerBuzz__archive.zip,bbexbood311-1.jpg
bbexbood321-1_1.jpg,Trade_Show_Booths_&_Displays_BannerBuzz__archive.zip,bbexbood321-1_1.jpg
bbexbood521-1.jpg,Trade_Show_Booths_&_Displays_BannerBuzz__archive.zip,bbexbood521-1.jpg
compact-display-package-front-view-bbtsp04_1_us.jpg,Trade_Show_Booths_&_Displays_BannerBuzz__archive.zip,compact-display-package-front-view-bbtsp04_1_us.jpg
display-package-for-20-ft-x-10-ft-trade-show-booth-front-view-bbtsp06_1_us.jpg,Trade_Show_Booths_&_Displays_BannerBuzz__archive.zip,display-package-for-20-ft-x-10-ft-trade-show-booth-front-view-bbtsp06_1_us.jpg
bbexbood211-1.jpg,Trade_Show_Booths_&_Displays_BannerBuzz__archive.zip,bbexbood211-1.jpg
10-ft-trade-show-booth-design-1-45-degree-bbexbboo101_1_us.jpg,Trade_Show_Booths_&_Displays_BannerBuzz__archive.zip,10-ft-trade-show-booth-design-1-45-degree-bbexbboo101_1_us.jpg
bbexbood621-1.jpg,Trade_Show_Booths_&_Displays_BannerBuzz__archive.zip,bbexbood621-1.jpg
10-ft-trade-show-booth-design-6-45-degree-bbexbboo108_1_us.jpg,Trade_Show_Booths_&_Displays_BannerBuzz__archive.zip,10-ft-trade-show-booth-design-6-45-degree-bbexbboo108_1_us.jpg
20-ft-trade-show-booth-design-3-45-degree-bbexbboo204_1_us.jpg,Trade_Show_Booths_&_Displays_BannerBuzz__archive.zip,20-ft-trade-show-booth-design-3-45-degree-bbexbboo204_1_us.jpg
10-ft-trade-show-booth-design-5-45-degree-bbexbboo105_1_us.jpg,Trade_Show_Booths_&_Displays_BannerBuzz__archive.zip,10-ft-trade-show-booth-design-5-45-degree-bbexbboo105_1_us.jpg
10-ft-backlit-trade-show-display-design-5-product-image-bblntboo105_1_us.jpg,Trade_Show_Booths_&_Displays_BannerBuzz__archive.zip,10-ft-backlit-trade-show-display-design-5-product-image-bblntboo105_1_us.jpg
10-ft-trade-show-booth-design-2-45-degree-bbexbboo102_1_us.jpg,Trade_Show_Booths_&_Displays_BannerBuzz__archive.zip,10-ft-trade-show-booth-design-2-45-degree-bbexbboo102_1_us.jpg
bbexbood721-1.jpg,Trade_Show_Booths_&_Displays_BannerBuzz__archive.zip,bbexbood721-1.jpg
20-ft-trade-show-booth-design-4-45-degree-bbexbboo205_1_us.jpg,Trade_Show_Booths_&_Displays_BannerBuzz__archive.zip,20-ft-trade-show-booth-design-4-45-degree-bbexbboo205_1_us.jpg
Tradeshow-Display-Budget-Friendly_1.jpg,Trade_Show_Booths_&_Displays_BannerBuzz__archive.zip,Tradeshow-Display-Budget-Friendly_1.jpg
10-ft-backlit-trade-show-display-design-1-product-image-bblntboo101_1_us.jpg,Trade_Show_Booths_&_Displays_BannerBuzz__archive.zip,10-ft-backlit-trade-show-display-design-1-product-image-bblntboo101_1_us.jpg
bbexbood01-1.jpg,Trade_Show_Booths_&_Displays_BannerBuzz__archive.zip,bbexbood01-1.jpg
20-ft-trade-show-booth-design-1-45-degree-bbexbboo201_1_us.jpg,Trade_Show_Booths_&_Displays_BannerBuzz__archive.zip,20-ft-trade-show-booth-design-1-45-degree-bbexbboo201_1_us.jpg
10-ft-backlit-trade-show-display-design-6-product-image-bblntboo106_1_us.jpg,Trade_Show_Booths_&_Displays_BannerBuzz__archive.zip,10-ft-backlit-trade-show-display-design-6-product-image-bblntboo106_1_us.jpg
10-ft-trade-show-booth-design-3-45-degree-bbexbboo103_1_us.jpg,Trade_Show_Booths_&_Displays_BannerBuzz__archive.zip,10-ft-trade-show-booth-design-3-45-degree-bbexbboo103_1_us.jpg
Tradeshow-Display-Types_9.jpg,Trade_Show_Booths_&_Displays_BannerBuzz__archive.zip,Tradeshow-Display-Types_9.jpg
Tradeshow-Display-Sizes_9.jpg,Trade_Show_Booths_&_Displays_BannerBuzz__archive.zip,Tradeshow-Display-Sizes_9.jpg
20ft-inline-trade-show-booth-modular-fabric-display-with-podium-shelves-led-lights-first-image-bbexbood121_1.jpg,Trade_Show_Booths_&_Displays_BannerBuzz__archive.zip,20ft-inline-trade-show-booth-modular-fabric-display-with-podium-shelves-led-lights-first-image-bbexbood121_1.jpg
13x13ft-magnetic-modular-fabric-displays-b_45-degree_bbmgmfdtis14_1.png,Trade_Show_Booths_&_Displays_BannerBuzz__archive.zip,13x13ft-magnetic-modular-fabric-displays-b_45-degree_bbmgmfdtis14_1.png
20-ft-backlit-trade-show-display-design-4-product-image-bblntboo204_1_us.jpg,Trade_Show_Booths_&_Displays_BannerBuzz__archive.zip,20-ft-backlit-trade-show-display-design-4-product-image-bblntboo204_1_us.jpg
13x10ft-magnetic-modular-fabric-displays-a_45-degree_bbmgmfdcs11_1.png,Trade_Show_Booths_&_Displays_BannerBuzz__archive.zip,13x10ft-magnetic-modular-fabric-displays-a_45-degree_bbmgmfdcs11_1.png
10x10ft_magnetic_modular_fabric_displays-a_45_degree_bbmgmfdls06_1.png,Trade_Show_Booths_&_Displays_BannerBuzz__archive.zip,10x10ft_magnetic_modular_fabric_displays-a_45_degree_bbmgmfdls06_1.png
13x13ft_magnetic_modular_fabric_displays-c_45_degree_bbmgmfddcls15_1.png,Trade_Show_Booths_&_Displays_BannerBuzz__archive.zip,13x13ft_magnetic_modular_fabric_displays-c_45_degree_bbmgmfddcls15_1.png
13x13ft-magnetic-modular-fabric-displays-a_45-degree_bbmgmfdcis13_1.png,Trade_Show_Booths_&_Displays_BannerBuzz__archive.zip,13x13ft-magnetic-modular-fabric-displays-a_45-degree_bbmgmfdcis13_1.png
20-ft-backlit-trade-show-display-design-5-product-image-bblntboo205_1_us.jpg,Trade_Show_Booths_&_Displays_BannerBuzz__archive.zip,20-ft-backlit-trade-show-display-design-5-product-image-bblntboo205_1_us.jpg
10x10ft-magnetic-modular-fabric-displays-b_45-degree_bbmgmfdus07_1.png,Trade_Show_Booths_&_Displays_BannerBuzz__archive.zip,10x10ft-magnetic-modular-fabric-displays-b_45-degree_bbmgmfdus07_1.png
10x10ft_magnetic_modular_fabric_displays-c_45_degree_bbmgmfdlss08_1.png,Trade_Show_Booths_&_Displays_BannerBuzz__archive.zip,10x10ft_magnetic_modular_fabric_displays-c_45_degree_bbmgmfdlss08_1.png
10x10ft_magnetic_modular_fabric_displays-e_45_degree_bbmgmfdlsc10_1.png,Trade_Show_Booths_&_Displays_BannerBuzz__archive.zip,10x10ft_magnetic_modular_fabric_displays-e_45_degree_bbmgmfdlsc10_1.png
65x65ft-magnetic-modular-fabric-displays-d_45-degree_bbmgmfdsbs04_1.png,Trade_Show_Booths_&_Displays_BannerBuzz__archive.zip,65x65ft-magnetic-modular-fabric-displays-d_45-degree_bbmgmfdsbs04_1.png
10-ft-trade-show-booth-design-4-45-degree-bbexbboo104_1_us.jpg,Trade_Show_Booths_&_Displays_BannerBuzz__archive.zip,10-ft-trade-show-booth-design-4-45-degree-bbexbboo104_1_us.jpg
13x10ft-magnetic-modular-fabric-displays-b_45-degree_bbmgmfdtsb12_1.png,Trade_Show_Booths_&_Displays_BannerBuzz__archive.zip,13x10ft-magnetic-modular-fabric-displays-b_45-degree_bbmgmfdtsb12_1.png
65x65ft_magnetic_modular_fabric_displays-e_45_degree_bbmgmfdcis05_1.png,Trade_Show_Booths_&_Displays_BannerBuzz__archive.zip,65x65ft_magnetic_modular_fabric_displays-e_45_degree_bbmgmfdcis05_1.png
bbexbood122-1.jpg,Trade_Show_Booths_&_Displays_BannerBuzz__archive.zip,bbexbood122-1.jpg
20-ft-backlit-trade-show-display-design-1-product-image-bblntboo201_1_us.jpg,Trade_Show_Booths_&_Displays_BannerBuzz__archive.zip,20-ft-backlit-trade-show-display-design-1-product-image-bblntboo201_1_us.jpg
