filename,category,size_bytes,hash
logo_48.png,Uncategorized,2228,ef994129
widgetUploadIcon.png,Uncategorized,228,5111b0c0
security-badges.jpg,Uncategorized,8674,43e6e3fd
BB_CategoryBanners_MarketingMaterial_20210201_4.jpg,Banners / General,127625,ceee89a9
250thIDayPrep_C1_B1_0106-1406_US_CB_1920x380_Marketing_Material.jpg,Uncategorized,274595,651b0750
metal-asset-tags-aluminum-lifestyle-bbassettag01_1_us_ni.jpg,Signs / Aluminum,15630,94ad5a20
a101_upclfl01_1_us.jpg,Uncategorized,16592,63a4b956
a101_bbclc01_1_us.jpg,Uncategorized,16215,ca183668
plastic-asset-labels-economy-lifestyle-bbassettag04_1_us_ni.jpg,Marketing / Lifestyle,17872,4e325e72
metal-asset-labels-aluminum-foil-lifestyle-bbassettag02_1_us_ni.jpg,Signs / Aluminum,16169,c396667d
metal-asset-labels-aluminum-flexicurve-lifestyle-bbassettag12_1_us_ni.jpg,Signs / Aluminum,15181,189d7572
pacg101_bbhmptc_1_us.jpg,Uncategorized,6042,6ca8d2d0
a101_bbspc01_1_us.jpg,Uncategorized,23377,ec0b83c9
destructible-asset-labels-lifestyle-bbassettag06_1_us_ni.jpg,Marketing / Lifestyle,22437,55376b94
a101_bbpst01_1_us.jpg,Uncategorized,13064,8d14bc33
qr-asset-tags-lifestyle-bbassettag10_1_us_ni.jpg,Marketing / Lifestyle,20479,703a13ea
a101_bbrc01_1_us.jpg,Uncategorized,23859,05bf529a
a101_upbopr01_1_us.jpg,Uncategorized,14081,63a9492a
a101_bbcm01_1_us.jpg,Uncategorized,12041,dd90ba97
a101_naltsb02_1_us.jpg,Uncategorized,6155,c51a4dfb
laminated-barcode-labels-lifestyle-bbassettag08_1_us_ni.jpg,Marketing / Lifestyle,29245,d983114e
metal-barcode-labels-lifestyle-bbassettag07_1_us_ni.jpg,Marketing / Lifestyle,14261,aeffa6cc
updcbc01_1_1.jpg,Uncategorized,14471,98654965
a101_hctt01_1_us.jpg,Uncategorized,16736,8df92a48
a101_upbufy01_1_us.jpg,Uncategorized,16664,f3b3464c
naltsb06_1.jpg,Uncategorized,8565,684938d2
a101_bbsbc01_1_us.jpg,Uncategorized,9260,a895fc1c
a101_bbly01_1_us.jpg,Uncategorized,15630,5ed22840
upflgc01_1_1.jpg,Uncategorized,15950,a4a78c9b
a101_bbevt01_1_us.jpg,Uncategorized,18057,72e999e9
a101_updcbc06_1_us.jpg,Uncategorized,17201,87856ae7
customstickers_1.jpg,Decals / General,13098,63fc619b
tamper-proof-barcode-labels-lifestyle-bbassettag09_1_us.jpg,Marketing / Lifestyle,12035,f9ded60f
upsbcd01_1_1.jpg,Uncategorized,18249,f98602b8
plastic-asset-labels-premium-lamination-lifestyle-bbassettag03_1_us_ni.jpg,Marketing / Lifestyle,21471,5d166f01
tamper-proof-void-asset-labels-lifestyle-bbassettag05_1_us_ni.jpg,Marketing / Lifestyle,21994,3eaad4ba
a101_bbsks01_1_us.jpg,Uncategorized,31691,69f917e3
pwipbc01_1_1.jpg,Uncategorized,13639,d1043a25
upbrpr01_1_1.jpg,Uncategorized,24487,fc09bc55
a101_bbwblb01_1_us.jpg,Uncategorized,12270,dba6f7d6
a101_naltsb04_1_us.jpg,Uncategorized,9321,f6c33176
a101_bbpklb01_1_us.jpg,Uncategorized,12574,1179f087
upfbcd01_1_1.jpg,Uncategorized,16970,bbc1913f
a101_bbnp01_1_us.jpg,Uncategorized,13234,d5fb3832
a101_bbtc01_1_us.jpg,Uncategorized,17128,c45c6189
pacg101_bbaptc_1_us.jpg,Uncategorized,10678,8866d86c
a101_bbdh01_1_us.jpg,Uncategorized,23329,2642bfb9
premium_vinyl_stickers_1.jpg,Banners / Vinyl,17235,4e4d7317
upfogc01_1_1.jpg,Uncategorized,15931,eadeafb0
a101_upbufy02_1_us.jpg,Uncategorized,19891,583548cf
a101_bbosc01_1_us.jpg,Uncategorized,9406,a5a9b66a
a101_upctsl01_1_us.jpg,Uncategorized,10021,491a92a0
rolllabels_1.jpg,Uncategorized,20040,4410043d
diecutstickers_1.jpg,Decals / General,16838,2b1be22e
circlestickers_1.jpg,Decals / General,16023,448cce20
Vinyl_Banner_Real-Estate_Signs_A.jpg,Banners / Vinyl,26163,713c8379
FeatherFlags-01-4473.png,Flags / Feather,15287,1a76cd03
FabricBanner-01-4471.png,Banners / Fabric,32680,7f4ae7bb
StandardAluminum-01-4498.png,Stands / General,17270,3bd01e2e
YardSign-01-4526.png,Signs / Yard Signs,21065,e9c9265c
RigidPlastic-01-4497.png,Uncategorized,13586,609a185e
CustomFlags-01-4470.png,Flags / General,24881,2ad86925
TeardropFlag-01-4503.png,Flags / Teardrop,11196,9c4dc92e
Vinyl-Lettering-01-4514.png,Banners / Vinyl,79343,03afac85
Respositionable-Decal-01-4493.png,Decals / General,23704,2d037dac
WindowDecals-Perforated-4523.png,Decals / Window,48147,85fbe8b8
Vehicle-Magnets-01-4513.png,Uncategorized,16863,dd0f99a0
Promotional-Magnets-Thumbnail-7223.png,Uncategorized,69571,0a021845
Retractable-4496.png,Stands / Retractable,22748,2e1b2d94
Step-N-Repeat-01-4499.png,Uncategorized,21174,98579869
Table-Covers-AL-Hero-10927_Thumbnail2x.jpg,Marketing / Hero Slides,11320,ee7e9b58
Acrylic-SFH-01-4460.png,Uncategorized,24197,d6446207
Canvas-4564.png,Uncategorized,26920,9e143f08
MetalPrints-01-4483.png,Marketing / Facility,20725,bee9d3a5
counter-card-thumb-6587.png,Displays / Counters,9075,1b635394
Stickers-Top-Nav-Image-01-6794.png,Decals / General,11718,800ffc41
Businesscards-4467.png,Uncategorized,20971,410fba76
Retail-01-4495.png,Uncategorized,58600,e52fbc2e
Real-Estate-Signs-14766.jpg,Signs / General,15393,8b543223
Campaign-Thumb-01-5574.png,Uncategorized,47833,ce7591c6
CustomDecalsHeroes-VinylLettering-8301.jpg,Banners / Vinyl,133331,dda57622
CustomDecalsHeroes-WallDecals-8302.jpg,Decals / Wall,51524,f4368845
CustomDecalsHeroes-PermanentDecals-8300.jpg,Decals / General,75722,cc732fd0
verified-purchase.png,Uncategorized,620,2ace187d
window-vinyl-lettering-8232.jpg,Banners / Vinyl,66065,d5f1940e
window-clear-8260.jpg,Uncategorized,126125,ed63d998
window-perforated-8262.jpg,Uncategorized,78861,b4db2a15
window-opaque-8261.jpg,Uncategorized,149863,e77e8ded
reverse-cut-forsted-8248.jpg,Uncategorized,75042,d417f8fb
printed-frosted-8247.jpg,Marketing / Facility,77935,b1e5ecbe
vehicle-vinyl-lettering-8257.jpg,Banners / Vinyl,40480,e929a4e9
clear-8233.jpg,Uncategorized,43138,7f52ce88
perforated-8245.jpg,Uncategorized,50434,e359b636
opaque-8244.jpg,Uncategorized,52946,3a792191
size-1-8280.png,Uncategorized,7395,fb9c2d57
bbrefl01_1_us_1.jpg,Uncategorized,18487,88252707
n01_bbtrfg01_1_us.jpg,Uncategorized,7516,ec18a2a3
n01_bbfrfg01_1_us.jpg,Uncategorized,8485,ba13dc4a
n0_bbcfmscf_1_us.jpg,Uncategorized,10114,21ea8ee9
n0_bbcfmgf01_1_us.jpg,Uncategorized,13000,15401816
n01_bbcfmhf_1_us.jpg,Uncategorized,10461,55bba490
n01_bbcfmbpf03_1_us.jpg,Uncategorized,9443,eef2486e
n01_bbcfmgnf_1_us.jpg,Uncategorized,8750,697549a4
n01_bbrmtf01_1_us.jpg,Uncategorized,11873,0e8f8fcd
n0_bbppff05_1_us.jpg,Uncategorized,8459,4b701912
n0_bbcfmcf02_1_us.jpg,Uncategorized,8356,ce4039e4
n0_bbppff06_1_us.jpg,Uncategorized,8479,2cff68ea
n01_bbhcfmhf_1_us.jpg,Uncategorized,12919,e0ec7108
n01_bbbgfg01_1_us.jpg,Uncategorized,15411,354b2a91
n0_bbpls24_1.jpg,Uncategorized,9945,624293eb
n0_bbcfmdf02_1_us.jpg,Uncategorized,8770,46676def
cfmswf01_1_us_1.jpg,Uncategorized,7634,580d068c
n0_bbppff03_1_us.jpg,Uncategorized,8413,19f0703f
n01_bbppff09_1_us.jpg,Uncategorized,8306,6f56c672
n0_bbcfmbpf_1_us.jpg,Uncategorized,9326,889ddf1d
n0_bbcfmcf_1_us.jpg,Uncategorized,8407,e69f2552
n0_bbppff02_1_us.jpg,Uncategorized,8732,784825ae
testing-please-wait-in-your-car-1.jpg,Uncategorized,9456,31393be3
take-away-1_1.jpg,Uncategorized,7835,37b815ca
n01_bbcfmcf03_1_us.jpg,Uncategorized,9032,990a2cc6
n01_bbppff04_1_us.jpg,Uncategorized,8304,b1528640
n0_bbppff01_1_us.jpg,Uncategorized,7722,14e67ff5
gmgfgp01_1_us_v1.jpg,Uncategorized,6991,e5083ba9
social-distancing-1.jpg,Uncategorized,8558,169921ad
n01_bblf01_1_us.jpg,Uncategorized,7651,11d3b87a
take-away-1.jpg,Uncategorized,7758,e8e19364
church-_-home-1.jpg,Banners / Church,8556,a130c7e8
temperory-bos-1.jpg,Uncategorized,8979,d8f9c6f1
n01_bbcarf01_1_us.jpg,Uncategorized,14515,585a84a9
bbprf01_1_us_n.jpg,Uncategorized,20448,868ed1d9
n3_bbbefg01_1_us.jpg,Uncategorized,6995,a7ad68e6
n0_bbcfmdf_1_us.jpg,Uncategorized,9638,001d2aab
n0_bbcfmgf02_1_us.jpg,Uncategorized,5163,2b3c8326
n01_wsrdpf01_1_us.jpg,Uncategorized,10084,ac4e2ac9
Flags_1920x380px_1.png,Flags / General,219277,616781dd
n0_bbppff07_1_us.jpg,Uncategorized,8077,900135d7
n01_bbcvfg01_1_us.jpg,Uncategorized,7240,ab6238c6
n01_bbppff08_1_us.jpg,Uncategorized,8660,b568ccbb
we-are-open-1.jpg,Uncategorized,8474,a7cad418
n01_bbsfif01_1_us.jpg,Uncategorized,6649,49d211b3
curbside-pick-up-1.jpg,Uncategorized,7448,74a5bbaf
keep-out-1.jpg,Uncategorized,9244,65482cca
no-dining-1.jpg,Uncategorized,8317,87dbb8a9
n01_bbfrfgm02_1_us.jpg,Uncategorized,7798,b30c4ba0
n0_bbcfmscf02_1_us.jpg,Uncategorized,9655,f7a76954
n0_bbpls07_1.jpg,Uncategorized,20113,a1c854ae
250thIDayPrep_C1_B1_0106-1406_US_CB_1920x380_Custom_Flags.jpg,Flags / General,305881,169efc7b
gaming-neon-signs-lifestyle-image-1-bbgns-n11_1_us.jpg,Signs / LED & Neon,31372,d7ebf7f2
n_birthday-neon-signs-lifestyle-image-1-bbhbns02_1_us.jpg,Banners / Birthday,19413,e7f251f6
symbols-neon-signs-lifestyle-image-1-bbsns-n02_1_us.jpg,Signs / LED & Neon,24265,2d7d83b2
wedding-neon-signs-lifestyle-image-1-bbwns-n05_1_us.jpg,Signs / LED & Neon,27709,3e1d179f
n_open-neon-signs-lifestyle-image-1-bbons01_1_us.jpg,Signs / LED & Neon,21344,a5aea165
romantic-neon-signs-lifestyle-image-1-bbrns-n06_1_us.jpg,Signs / LED & Neon,25594,37af7211
led-acrylic-letters-letters-lifestyle-image-albllnled02_1_us.jpg,Signs / LED & Neon,22647,55725dc3
zodiac-neon-signs-lifestyle-image-1-bbzns-n08_1_us.jpg,Signs / LED & Neon,20371,36fb8ae8
n_happy-new-year-neon-signs-lifestyle-image-1-bbhnynshny01_1_us.jpg,Signs / LED & Neon,25682,140afdaa
halloween-neon-signs-lifestyle-image-1-bbhns-n04_1_us.jpg,Signs / LED & Neon,42407,37b7d008
halo-lit-brass-letters-lifestyle-image-albllnled05_1_us.jpg,Signs / LED & Neon,33647,770dbfe7
inspirational-neon-signs-lifestyle-image-1-bbins-n07_1_us.jpg,Signs / LED & Neon,26782,cb0c6c72
n_bar-neon-signs-lifestyle-image-1-bbbns02_1_us.jpg,Signs / LED & Neon,28663,519128a2
party-neon-signs-lifestyle-image-1-bbpns-n09_1_us.jpg,Signs / LED & Neon,25373,4331eebe
restaurant-neon-signs-lifestyle-image-1-bbrns-n01_1_us.jpg,Signs / LED & Neon,30498,88d55790
custom-led-logo-neon-signs-lifestyle-image-1-bbnslns001_1_us.jpg,Signs / LED & Neon,25583,c4907998
halo-lit-acrylic-letters-letters-letters-lifestyle-image-albllnled01_1_us.jpg,Signs / LED & Neon,30103,e99fc191
signss_1_.jpg,Signs / General,120872,e8e96b1a
beauty-salon-neon-signs-lifestyle-image-1-bbbsns15_1_us.jpg,Signs / LED & Neon,25700,82706b2f
kids-neon-signs-lifestyle-image-1-bbkns-n10_1_us.jpg,Signs / LED & Neon,25513,1cede44a
christmas-neon-signs-lifestyle-image-1-bbcns-n03_1_us.jpg,Banners / Holiday,33317,1929ca41
fab-icon.png,Uncategorized,5779,de881831
die-cut-decals-lifestyle-image-bbdcd01_1_us.jpg,Decals / General,33917,418dcfc4
rs101_bbpfbs01_1_us.jpg,Uncategorized,14479,365710c7
BB_CategoryBanners_SignsandDecals_20210201.jpg,Banners / General,160248,1b678860
review-bg.png,Uncategorized,7822,46163dbe
shop-confidence-new.png,Uncategorized,21964,c9333aef
vinyl-decals-lifestyle-image-bbpsvd01_1_us.jpg,Banners / Vinyl,30501,4be08856
y101_bbyars01_1_us.jpg,Uncategorized,12064,0dc424cb
250thIDayPrep_C1_B1_0106-1406_US_CB_1920x380_WindowDecale.jpg,Decals / Window,235212,08706864
window-decal-clear-lifestyle-bbwsdc01_1_us_1.jpg,Decals / General,19136,17d9923e
vinyl-posters-lifestyle-image-bbvlps01_1_us.jpg,Banners / Vinyl,30097,2cc2cd28
clear-window-clings-lifestyle-bbwssc01_1_us_2.jpg,Marketing / Lifestyle,24127,9a06140c
car-decals-stickers-opaque-flash-cut-0.jpg,Decals / General,19765,a84c2a0c
perforated-window-signs-lifestyle-bbwsps01_1_us_1.jpg,Signs / General,32599,729d9c8b
window-decals-opaque-lifestyle-bbdldo01_1_us_1.jpg,Decals / General,27974,3e77814d
opaque-window-clings-lifestyle-bbwsso01_1_us_1.jpg,Marketing / Lifestyle,27861,9663c203
rs101_bbbhco01_1_us.jpg,Uncategorized,21121,ca3a258e
bbcdsc02_car-decals-stickers-clear_1.jpg,Decals / General,21180,43019340
bubble-free-vinyl-decals-lifestyle-image-bbgpsvd01_1_us.jpg,Banners / Vinyl,31824,e29b197e
rs101_bbcals01_1_us.jpg,Uncategorized,14342,bb102ac4
die-cut-window-decals-opaque-lifestyle-bbdldodc01_1_us_1.jpg,Decals / General,24737,a8ff8ee2
a101_esmefr01_1_us.jpg,Uncategorized,15973,80ae61f2
bbcdscdc02_die-cut-car-decals--stickers-_clear_-r.jpg,Decals / General,21618,7d2d2ef0
die-cut-clear-window-clings-lifestyle-bbcdsc01_1_us_1.jpg,Marketing / Lifestyle,31982,16711cb8
bubble-free-car-decal-die-cut-1.jpg,Decals / General,22235,1592851c
die-cut-opaque-window-clings-lifestyle-bbodsc01_1_us_1.jpg,Marketing / Lifestyle,27731,542c1d5f
car-decals-stickers-opaque-0.jpg,Decals / General,20623,bb313a64
a101_bbprpp01_1_us.jpg,Uncategorized,30549,60efe8e6
die-cut-clear-window-decals-lifestyle-bbwsdc02_1_us_1.jpg,Decals / General,31827,3de5a9b5
a101_bbwd01_1_us.jpg,Uncategorized,16887,37a4e90e
rectangle-shape-yard-sign.jpg,Signs / General,41459,493707ec
custom-license-plates-new.jpg,Uncategorized,45960,23e9d300
a101_bbcdcd01_1_us.jpg,Uncategorized,20538,b7482fcd
a101_bbfdsc01_1_us.jpg,Uncategorized,39345,a21458e8
a101_bbfdsc02_1_us.jpg,Uncategorized,38601,2556fc50
a101_bbcusf01_1_us.jpg,Uncategorized,23861,960d7dce
truck_decals-5.jpg,Decals / General,33531,0e4ae5ef
y101_bbdcysg01_1_us.jpg,Uncategorized,12341,ce5d8e98
a101_bbwinl01_2_us.jpg,Uncategorized,29272,0c579ae6
a101_bbpsvl01_2_us.jpg,Uncategorized,32761,ee658956
y101_bbbuys01_1_us.jpg,Uncategorized,15713,cb54e85b
bubble-free-car-decal-bb-09.jpg,Decals / General,23054,505d865e
a101_bbvehl01_2_us.jpg,Uncategorized,32087,3aae2d35
mag101_bbmssg01_1_us.jpg,Uncategorized,24014,0b58258f
bbbct01_1.jpg,Uncategorized,32047,f59468fe
rs101_gmsibo01_1_us.jpg,Uncategorized,14278,b52001fd
mag101_bbmsvm01_1_us.jpg,Uncategorized,23369,e16a6c00
acrylic-letters-and-numbers-lifestyle-image-bbrdal01_1_us.jpg,Marketing / Lifestyle,28455,ee4be469
bumper-stickers4.jpg,Decals / General,18908,4228d4a4
y101_bbpls10_1_us.jpg,Uncategorized,15566,77e96336
bubble-free-window-decals-lifestyle-bbgdldo01_1_us_1.jpg,Decals / General,29042,1635e5ed
a101_bbpsvd02_1_us.jpg,Uncategorized,37459,116129b9
a101_essdwh01_1_us.jpg,Uncategorized,15680,6bf27317
mag101_bbcms01_1_us.jpg,Uncategorized,20003,688964ab
a101_essdbl01_1_us.jpg,Uncategorized,16487,8af51f83
custom-premium-vinyl-banner.jpg,Banners / Vinyl,11148,5567f2d0
n3_bbpfb01_1_us.jpg,Uncategorized,17942,26c09196
BB_CategoryBanners_Banners_20210201_4.jpg,Banners / General,90308,b36d60e1
n0_bbvbcb01_1_us.jpg,Uncategorized,10107,95476486
n0_bbrmob01_1_us.jpg,Uncategorized,9992,e9d71d5d
processed-fabric-banners-first-image-bbrdpf01_1_us.jpg,Banners / Fabric,11465,e5516f72
a101_bbrdipf02_1_us.jpg,Uncategorized,19306,6399d25a
n0_bbvbcb10_1_us.jpg,Uncategorized,15484,d116a08a
n0_bbmesb01_1_us.jpg,Uncategorized,16058,e8d656c3
n0_bbvbbb02_1_us.jpg,Uncategorized,12964,581ce96b
a101_bbcanb01_1_us.jpg,Uncategorized,13093,0defa9f3
a101_bbmesf01_1_us.jpg,Uncategorized,23732,da027dce
n0_bbpolb01_2_us.jpg,Uncategorized,39851,62c7b387
n0_bbrmss01_1_us.jpg,Uncategorized,13364,d26043ea
step-and-repeat-fabric-banners-lifestyle-bbstre02_1_us.jpg,Banners / Fabric,20704,c715e26e
a101_bbrdpf02_1_us.jpg,Uncategorized,18477,29983039
n0_bbvbbb01_1_us.jpg,Uncategorized,10060,c9749a78
n0_bbvbcb05_1_us.jpg,Uncategorized,12846,8cba3d45
n0_bbrdhd01_1_us.jpg,Uncategorized,21712,e19af5f3
n0_bbvbcb06_1_us.jpg,Uncategorized,13454,6a086843
n3_bbopfb01_1_us.jpg,Uncategorized,17942,91d5bd85
n0_bbvbcb00_1_us.jpg,Uncategorized,12736,d4503e59
viynl_fence_banner_2_us.jpg,Banners / Mesh & Fence,35083,805a51b7
n0_bbvbbb07_1_us.jpg,Uncategorized,9783,9f9e3a2a
a101_bbhcbb01_1_us.jpg,Uncategorized,23400,cef37eec
touch-free-dispenser-floor-stand-005.jpg,Stands / General,28671,3a484446
step-and-repeat-banners-lifestyle-bbstre01_1_us.jpg,Banners / General,21775,d54e3e2d
n0_bbvbob01_1_us.png,Uncategorized,51219,f88913e2
breakaway-banner-lifestyle-bbbraw01_1.jpg,Banners / Breakaway,30092,11dc6332
vinyl_fence_mesh_banner_2_us.jpg,Banners / Mesh & Fence,47509,ca9ef012
billboard-printing-lifestyle-bbvbbp01_1.jpg,Marketing / Facility,29262,650397c9
n0_bbvbbb06_1_us.jpg,Uncategorized,12802,8b4c0e7e
n0_bbvbbb08_1_us.jpg,Uncategorized,9423,0c443a6a
n3_bblob01_1_us.jpg,Uncategorized,37524,dc6d1f5d
n3_bbdsb01_1_us.jpg,Uncategorized,16396,7921d16e
n0_bbrmbb01_1_us.jpg,Uncategorized,19198,55d41a16
a101_bbdsfb01_1_us.jpg,Uncategorized,19266,3dd9363a
backlit-banner-lifestyle-bbblit01_1.jpg,Banners / Backlit,26322,b3cb5557
n0_bbvbbb04_1_us.jpg,Uncategorized,12971,56eb0ada
n0_bbvbcb02_1_us.jpg,Uncategorized,12792,466f4f8b
n0_bbvbbb05_1_us.jpg,Uncategorized,13991,818fd2f9
a101_bbcfmpf_1_us.jpg,Uncategorized,12943,eba8cdb7
n3_bbbb01_1_us.jpg,Uncategorized,6734,2421873f
bbpls05_1.jpg,Uncategorized,20774,54af5da5
n0_bbvbbb03_1_us.jpg,Uncategorized,11699,afba2d14
n0_bbvbpb01_1_us.jpg,Uncategorized,10984,5edde810
n3_bbipfb01_1_us.jpg,Uncategorized,19300,8bbd0829
n0_bbvbhb01_1_us.jpg,Uncategorized,21152,e318a83f
pb_political-vinyl-banners-first-image-bbpls03_1_us.jpg,Banners / Political,13832,3d3cf195
n0_bbrmsb01_1_us.jpg,Uncategorized,13733,3da57357
pb_political-banners-first-image-bbvbeb01_1_us.jpg,Banners / Political,14291,426988a2
250thIDayPrep_C1_B1_0106-1406_US_CB_1920x380_Banners.jpg,Banners / General,297989,01c61808
505_convertible-adjustable-table-covers-lifestyle-image-cfmcat01_1_us.jpg,Marketing / Lifestyle,22515,0c4c6526
505_table-runners-lifestyle-image-bbcstr01_1_us.jpg,Marketing / Lifestyle,25769,a005ec32
cfmttb01_1_us.jpg,Uncategorized,10963,95f14644
505_rectangle-table-toppers-lifestyle-image-cfmtat01_1_us.jpg,Marketing / Lifestyle,26981,1c621f4d
rt201_wsdrst60_1_us.jpg,Uncategorized,16379,9b223164
rt201_wsdrst36_1_us.jpg,Uncategorized,12184,1b85b47e
Table_Covers_Displays_1920x380px_1.png,Displays / General,231651,0413a7e9
505_pleated-table-covers-lifestyle-image-cfmptc01_1_us.jpg,Marketing / Lifestyle,25741,7c380f75
rt201_bbcfmxpt5_1_us.jpg,Uncategorized,22113,f87ad3c1
custom-table-skirt-lifestyle-image-bbcskirt01_1_us_v1.jpg,Marketing / Lifestyle,29586,971e76f5
505_premium-full-color-table-covers-throws-lifestyle-image-bbctct01_1_us.jpg,Marketing / Lifestyle,24725,cc3ce8fc
505_stretch-table-covers-lifestyle-image-cfmstc01_1_us.jpg,Table Covers / Stretch,29236,1d7f0fdf
505_fitted-table-covers-lifestyle-image-cfmftc01_1_us.jpg,Table Covers / Fitted,22830,5bf594c7
rt201_bbmxtt01_1_us.jpg,Uncategorized,5211,7180dff5
cfmttb02_1_us_1.jpg,Uncategorized,10650,52ebe674
cfmttb03_1_us.jpg,Uncategorized,23417,d05f7c91
505_open-corner-table-covers-lifestyle-image-bboctc01_1_us.jpg,Marketing / Lifestyle,29460,5e6b936e
505_round-table-throws-lifestyle-image-bbrtt01_1_us.jpg,Marketing / Lifestyle,27939,108c4329
505_round-fitted-table-covers-lifestyle-image-cfmrft01_1_us.jpg,Table Covers / Fitted,34070,d8aa4cb0
505_stretched-banquet-chair-covers-lifestyle-image-bbsbcc01_1_us.jpg,Marketing / Lifestyle,21605,11a1fe78
rt201_wsdrst48_1_us.jpg,Uncategorized,15170,61b3c2dc
rt201_bbcfmxpt1_1_us.jpg,Uncategorized,10540,fd922ca2
505_round-stretch-table-covers-lifestyle-image-cfmrst01_1_us.jpg,Table Covers / Stretch,33994,1f7f045f
rt201_wsdrst24_1_us.jpg,Uncategorized,11090,b271f892
pocket-chair-cover-21th-july.jpg,Uncategorized,10116,18ca8664
rt201_bbcfmxpt3_1_us.jpg,Uncategorized,17839,36be437d
250thIDayPrep_C1_B1_0106-1406_US_CB_1920x380_Table_covers___Displays.jpg,Displays / General,271405,dd586c04
505_pleated-banquet-chair-covers-lifestyle-image-bbpbcc01_1_us.jpg,Marketing / Lifestyle,24503,1ceade57
rt201_bbcfmxpt8_1_us.jpg,Uncategorized,16144,7b6ffd7b
rt201_bbcfmxpt7_1_us.jpg,Uncategorized,17419,d75be12e
rt201_bbcfmxpt9_1_us.jpg,Uncategorized,21024,efcc6c2b
505_cross-over-table-covers-lifestyle-image-cfmcot01_1_us.jpg,Marketing / Lifestyle,23600,b4a580f7
505_round-table-toppers-lifestyle-image-cfmrsc01_1_us.jpg,Marketing / Lifestyle,28576,79a6e26a
rt201_bbcfmxpt4_1_us.jpg,Uncategorized,22435,9bb329a8
rt201_bbcfmxpt6_1_us.jpg,Uncategorized,21074,47fcd3e8
rt201_bbcfmxpt2_1_us.jpg,Uncategorized,21158,6c70aa3c
250thIDayPrep_C1_B1_0106-1406_US_CB_1920x380_Accessories.jpg,Uncategorized,208754,37bfe9c7
n0_bbspb01_1_us.jpg,Uncategorized,4264,aec4d7c1
Category-Accsessories.jpg,Uncategorized,66531,43ba1b6a
n0_bbcb01_1_us.jpg,Uncategorized,7557,a37b9ff8
alc202_bbsg01_1_us.jpg,Uncategorized,10438,3e3bbeab
alc202_bbzt01_1_us.jpg,Uncategorized,19387,3aa8c87d
1_4_1.jpg,Uncategorized,9879,ca3424b9
alc202_bbbun01_1_us.jpg,Uncategorized,11643,30be059c
alc202_bbnr01_1.jpg,Uncategorized,11755,d7dec319
Tradeshow-Display-Budget-Friendly_1.jpg,Displays / General,200897,7b63250f
Tradeshow-Display-Types_9.jpg,Displays / General,260100,1086b93d
rectangular-blimp-tower-lifestyle-image-bbexporecto03_1_us.jpg,Marketing / Lifestyle,37036,5ba1cccb
20-ft-backlit-trade-show-display-design-8-product-image-bblntboo208_1_us.jpg,Banners / Backlit,19754,66052171
bbexbood311-1.jpg,Uncategorized,22531,d0379f49
10-ft-trade-show-booth-design-8-45-degree-bbexbboo115_1_us.jpg,Signs / General,19395,daa459ac
20-ft-backlit-trade-show-display-design-3-product-image-bblntboo203_1_us.jpg,Banners / Backlit,22072,28f2fc50
Tradeshow-Display-Sizes_9.jpg,Displays / General,235258,1d0c9c52
bbexbood721-1.jpg,Uncategorized,18000,bbbc5171
10-ft-trade-show-booth-design-7-45-degree-bbexbboo110_1_us.jpg,Signs / General,16398,384ebd35
trade-show-canopy-kit-front-view-bbtsp01_1_us.jpg,Displays / Canopy Tents,21468,e42bbfb9
bbexbood211-1.jpg,Uncategorized,18685,bcc90742
20-ft-trade-show-booth-design-4-45-degree-bbexbboo205_1_us.jpg,Signs / General,16702,136be800
bbexbood221-1.jpg,Uncategorized,15054,727e95f0
20-ft-trade-show-booth-design-6-45-degree-bbexbboo210_1_us.jpg,Signs / General,17798,24c01e0d
20-ft-trade-show-booth-design-2-45-degree-bbexbboo203_1_us.jpg,Signs / General,14113,51afe293
20-ft-trade-show-booth-design-10-45-degree-bbexbboo223_1_us.jpg,Signs / General,17311,45045ba4
bbexbood321-1_1.jpg,Uncategorized,13993,69fb70b1
10-ft-backlit-trade-show-display-design-1-product-image-bblntboo101_1_us.jpg,Banners / Backlit,24611,4f9c12ca
20-ft-trade-show-booth-design-5-45-degree-bbexbboo206_1_us.jpg,Signs / General,15397,f7efcc92
10-ft-trade-show-booth-design-9-45-degree-bbexbboo116_1_us.jpg,Signs / General,14989,93bf568d
bbexbood521-1.jpg,Uncategorized,17021,ddfd383d
10-ft-backlit-trade-show-display-design-2-product-image-bblntboo102_1_us.jpg,Banners / Backlit,20617,2e27ecd2
compact-display-package-front-view-bbtsp04_1_us.jpg,Displays / General,19538,5cddd4f2
bbexbood01-1.jpg,Uncategorized,20417,28c3697d
20-ft-trade-show-booth-design-1-45-degree-bbexbboo201_1_us.jpg,Signs / General,14001,94c0bcee
20-ft-trade-show-booth-design-3-45-degree-bbexbboo204_1_us.jpg,Signs / General,18843,57ab5877
10-ft-trade-show-booth-design-2-45-degree-bbexbboo102_1_us.jpg,Signs / General,19262,f4318a14
10-ft-trade-show-booth-design-1-45-degree-bbexbboo101_1_us.jpg,Signs / General,20798,76f51473
display-package-for-20-ft-x-10-ft-trade-show-booth-front-view-bbtsp06_1_us.jpg,Displays / General,17784,a497f9bd
10-ft-trade-show-booth-design-5-45-degree-bbexbboo105_1_us.jpg,Signs / General,20307,9f66b8fd
10-ft-trade-show-booth-design-3-45-degree-bbexbboo103_1_us.jpg,Signs / General,20706,37847e9d
20ft-inline-trade-show-booth-modular-fabric-display-with-podium-shelves-led-lights-first-image-bbexbood121_1.jpg,Banners / Fabric,14976,e810c26b
10-ft-trade-show-booth-design-6-45-degree-bbexbboo108_1_us.jpg,Signs / General,20288,878a7464
bbexbood621-1.jpg,Uncategorized,16610,90a425cd
10-ft-backlit-trade-show-display-design-6-product-image-bblntboo106_1_us.jpg,Banners / Backlit,19049,9d4b7c99
10x10ft_magnetic_modular_fabric_displays-a_45_degree_bbmgmfdls06_1.png,Banners / Fabric,125705,fec6c28f
13x13ft-magnetic-modular-fabric-displays-b_45-degree_bbmgmfdtis14_1.png,Banners / Fabric,18502,5e3a1866
13x13ft-magnetic-modular-fabric-displays-a_45-degree_bbmgmfdcis13_1.png,Banners / Fabric,14572,74b2b3c7
20-ft-backlit-trade-show-display-design-5-product-image-bblntboo205_1_us.jpg,Banners / Backlit,19548,e39eb582
13x13ft_magnetic_modular_fabric_displays-c_45_degree_bbmgmfddcls15_1.png,Banners / Fabric,125478,6a18be0f
10-ft-backlit-trade-show-display-design-5-product-image-bblntboo105_1_us.jpg,Banners / Backlit,28893,6a93ac25
20-ft-backlit-trade-show-display-design-4-product-image-bblntboo204_1_us.jpg,Banners / Backlit,22155,6811fb78
13x10ft-magnetic-modular-fabric-displays-a_45-degree_bbmgmfdcs11_1.png,Banners / Fabric,16930,6327e090
10x10ft-magnetic-modular-fabric-displays-b_45-degree_bbmgmfdus07_1.png,Banners / Fabric,22575,73c80ad2
65x65ft-magnetic-modular-fabric-displays-d_45-degree_bbmgmfdsbs04_1.png,Banners / Fabric,13088,8fe7e737
10x10ft_magnetic_modular_fabric_displays-c_45_degree_bbmgmfdlss08_1.png,Banners / Fabric,114556,d1e2ef6c
10x10ft_magnetic_modular_fabric_displays-e_45_degree_bbmgmfdlsc10_1.png,Banners / Fabric,111466,04ddda76
10-ft-trade-show-booth-design-4-45-degree-bbexbboo104_1_us.jpg,Signs / General,23636,edda0529
65x65ft_magnetic_modular_fabric_displays-e_45_degree_bbmgmfdcis05_1.png,Banners / Fabric,93366,888e107d
13x10ft-magnetic-modular-fabric-displays-b_45-degree_bbmgmfdtsb12_1.png,Banners / Fabric,18077,bd28e4cb
bbexbood122-1.jpg,Uncategorized,16439,1aee6de4
20-ft-backlit-trade-show-display-design-1-product-image-bblntboo201_1_us.jpg,Banners / Backlit,22001,e3c0135b
